{
    "Obj_range": [
        5,
        10,
        15,
        20,
        25,
        30,
        35,
        40,
        45,
        50,
        55,
        60,
        65,
        70,
        75,
        80,
        85,
        90,
        95,
        100
    ],
    "RCS_dBsm": [
        4.765926,
        4.7163191,
        4.6601944,
        4.587552,
        4.63017614,
        4.66076702,
        4.6222559,
        4.5633952,
        4.5541903,
        4.5821611,
        4.5379130203703895,
        4.650454642952465,
        4.7477424883326975,
        4.7835699718030735,
        4.931342247417847,
        5.123455062886997,
        5.222772805023466,
        4.916900015364459,
        4.871783395941743,
        4.965193410199616
    ],
    "freq": 10
}