{
    "RCS_range": [
        5,
        10,
        15,
        20,
        25,
        30,
        35,
        40,
        45,
        50,
        55,
        60,
        65,
        70,
        75,
        80,
        85,
        90,
        95,
        100
    ],
    "RCS_dBsm": [
        -20.973480843879422,
        -21.129434419684824,
        -21.24041779420288,
        -21.112104721057072,
        -20.837034647598124,
        -20.89714485039263,
        -20.9826133120092,
        -21.49640931794149,
        -21.65094222664547,
        -22.05698378994636,
        -22.236683850730266,
        -22.207175825521276,
        -22.122026205404627,
        -22.51267656495276,
        -22.700677457374386,
        -22.45763822734628,
        -23.720387821820918,
        -22.972133601159864,
        -22.811251087786346,
        -22.480769771345123
    ],
    "Angle": [
        10,
        20,
        30,
        40,
        50,
        60,
        70,
        80,
        90,
        100,
        110,
        120,
        130,
        140,
        150,
        160,
        170,
        180,
        190,
        200,
        210,
        220,
        230,
        240,
        250,
        260,
        270,
        280,
        290,
        300,
        310,
        320,
        330,
        340,
        350,
        360
    ],
    "RCS_vs_angle": [
        -27.1985847446308,
        -28.02379698790855,
        -29.423254947777636,
        -31.54539446818918,
        -34.597670874408244,
        -38.95857374131979,
        -45.54752864008199,
        -57.332108366253365
    ]
}